RAdeg,DEJ2000,Plx,Vmag,Scat,SpType,HIP,ASCC,RV,e_RV,q_RV,o_RV
170.09997,-01.79702,   10.33,  8.271, 0.013,F5          ,  55379, 1229235,   10.40,   0.30, ,   2
170.24609,+04.88058,   11.06,  7.157, 0.007,F2          ,  55423, 1137219,    9.10,  12.30, ,   2
170.36234,+06.63496,   23.11,  6.701, 0.008,F8          ,  55455, 1041728,  -14.10,   0.30, ,   2
170.37941,-12.69871,   14.60,  7.858, 0.009,F7V         ,  55464, 1391305,   15.60,   0.30, ,   2
170.39132,+04.20832,    9.91,  8.074, 0.012,F5          ,  55467, 1137233,    6.40,   0.60, ,   2
170.68529,-19.86744,    8.26,  8.130, 0.014,F5V         ,  55553, 1476979,   -8.80,   0.50, ,   3
170.76101,+04.13807,    8.20,  8.062, 0.007,F5          ,  55574, 1137280,   28.00,   0.40, ,   2
170.77185,-16.60484,    3.71,  8.075, 0.009,F5        g ,  55577, 1476986,    8.00,   3.70, ,   2
170.84197,-18.77990,   22.84,  5.072, 0.004,F3 IV       ,  55598, 1477000,   13.81,   0.82, ,  12
170.96478,-21.26393,    7.23,  8.067, 0.013,F6        d ,  55636, 1574423,   16.09,   3.75, ,   2
170.98070,+10.52970,   40.87,  3.970, 0.006,F2IV        ,  55642,  952105,  -11.50,   7.59, ,   7
170.98105,+10.52947,   41.25,  6.616,      ,F2IV        ,  55642,  952106,  -11.50,   7.59, ,   7
170.99312,+26.61507,        , 12.343,      ,F2          ,       ,  683426, -127.00,       , ,
171.06552,+13.90198,   15.08,  8.360, 0.008,F7 d        ,  55661,  952111,   25.00,   1.30, ,   5
171.06569,+13.90219,   15.08,  8.580, 0.150,F7 d        ,  55661,  952112,   25.00,   1.30, ,   5
171.09086,-05.90975,   21.20,  6.950, 0.008,F5          ,  55666, 1308963,  -29.30,   0.20, ,   2
171.11060,+15.88404,   12.36,  7.566, 0.010,F8          ,  55674,  865567,  -17.10,   0.30, ,   2
171.31916,+29.75874,    9.56,  7.713, 0.009,F6 V        ,  55741,  683448,  -18.74,   2.72, ,   8
171.35492,+07.95311,   16.24,  7.558, 0.008,F5          ,  55751, 1041849,   -8.00,   5.00, ,   3
171.40191,+16.45655,   20.97,  5.575, 0.004,F2        d ,  55765,  865594,   18.76,   1.60, ,   2
171.42463,-27.54878,    7.50,  7.949, 0.010,F0 IV       ,  55774, 1669987,    8.60,       ,C,   4
171.71694,-09.94074,   11.46,  8.261, 0.010,F5          ,  55857, 1309049,  -11.40,   0.40, ,   2
171.78990,-12.35681,   15.04,  5.923, 0.007,F4        d ,  55874, 1391482,    4.98,   1.40, ,   6
171.81943,-08.86896,    4.26,  8.442, 0.024,F0          ,  55890, 1309066,   -1.00,   2.60, ,   1
171.92718,+29.82383,    6.39,  9.174, 0.018,F2 V        ,  55927,  683498,   34.00,       ,D,   2
172.10458,+02.78314,   19.15,  7.240, 0.008,F8          ,  55982, 1137443,    9.80,   2.80, ,   3
172.31032,-04.45144,   16.99,  7.431, 0.010,F8          ,  56049, 1229478,    6.50,   0.20, ,   3
172.41666,+07.59943,   12.56,  6.729, 0.008,F5          ,  56079, 1041970,    1.21,   2.64, ,   2
172.43897,-25.00197,    6.16,  7.196, 0.009,F8V         ,  56085, 1670190,  -11.00,   0.90, ,   2
172.46704,+24.94735,    9.91,  7.872, 0.008,F5          ,  56091,  777188,   24.70,   0.50, ,   2
172.60223,+29.88432,    2.29,  8.908, 0.157,F8 V        ,       ,  683563,  -35.00,       ,C,   3
172.66146,-13.05014,   15.31,  7.048, 0.008,F2V         ,  56154, 1391613,   -1.80,   1.00, ,   3
172.71249,-06.71901,   10.54,  7.640, 0.014,F3        d ,  56166, 1309161,    5.27,   1.27, ,   4
172.73489,-20.19996,   14.81,  7.853, 0.009,F5IV:       ,  56179, 1574766,  -15.80,   0.60, ,   2
172.89001,+29.00342,    2.55,  9.259, 0.017,F2 III      ,  56223,  683586,    3.00,       ,C,   5
172.94844,-20.77657,   25.19,  6.235, 0.006,F7 V        ,  56245, 1574803,   11.50,   0.55, ,   3
173.06689,-29.26364,   37.25,  5.723, 0.035,F7        d ,  56280, 1670306,    7.73,   1.26, ,
173.06841,-29.26137,   37.84,  5.620, 0.007,F6        d ,  56280, 1670309,    4.00,   3.70, ,   2
173.07737,-00.41434,   16.76,  8.079, 0.010,F8          ,  56282, 1229564,    6.70,   4.30, ,   3
173.09838,+12.20445,   10.26,  8.403, 0.018,F5          ,  56294,  952339,    0.80,   0.40, ,  14
173.10654,+29.04558,   13.16,  7.805, 0.013,F5 V        ,  56296,  683601,   14.42,   1.74, ,   3
173.16605,-28.60789,   16.10,  8.764, 0.146,F0          ,       , 1670325,   -8.30,   0.80, ,   4
173.20782,+18.00232,   21.20,  7.258, 0.006,F7V         ,  56321,  865775,   21.90,   0.50, ,   1
173.21478,-12.03477,    3.98,  8.628, 0.020,F2 V        ,  56327, 1391693,  132.00,       ,C,   6
173.31171,-16.28027,    8.25,  6.046, 0.004,F8/G0Ib/II  ,  56364, 1477425,   -7.48,   1.36, ,   5
173.44202,+29.62557,    2.65,  9.948, 0.026,F2 V        ,  56401,  683616,    0.00,       ,D,   6
173.44253,+29.62519,    2.81, 13.347,      ,F2 V        ,  56401,  683617,    0.00,       ,D,   6
173.47712,-00.03328,    1.06, 11.238, 0.428,F1          ,  56409, 1229613,  180.00,       , ,
173.55986,-12.86372,   10.55,  8.312, 0.014,F5        d ,  56436, 1391746,    0.38,   2.62, ,   4
173.59190,+03.06041,   37.53,  5.756, 0.004,F5        d ,  56445, 1137638,    4.58,   2.63, ,   2
173.62682,+27.76807,    5.62,  9.142, 0.016,F2 V        ,  56453,  683629,    9.00,       ,E,   2
173.63130,-28.28810,    8.81,  7.681, 0.009,F2V         ,  56454, 1670395,  -11.80,   0.60, ,   3
173.70162,+29.56220,  -15.00, 10.194, 0.372,F8 V        ,       ,  683632,   -8.00,       ,D,   4
173.88711,-12.41086,   15.15,  7.147, 0.009,F5          ,  56536, 1391792,   -5.30,   0.30, ,   2
173.91232,+29.93366,   -9.80,  9.604, 0.275,F2 V        ,       ,  683657,    2.00,       ,D,   8
174.01369,+27.90258,    5.23,  8.244, 0.014,F8 V        ,  56584,  683669,  -26.00,       ,E,   2
174.16087,+12.17728,    9.98,  7.994, 0.012,F8          ,  56624,  952463,   16.00,   2.70, ,   1
174.35972,+25.42022,    9.99,  8.171, 0.013,F8 V        ,  56690,  683709,    6.55,   6.35, ,   1
174.36252,-01.48483,    6.61,  8.093, 0.013,F5          ,  56691, 1229713,   -6.00,   3.00, ,   1
174.42675,+21.69174,    7.23,  8.925, 0.018,F2        s ,  56717,  777359,   -5.69,   1.79, ,   3
174.49701,-01.59975,   25.40,  7.605, 0.012,F9V         ,  56738, 1229729,    3.80,   0.10, ,  30
174.65252,+29.75645,    2.60,  8.670, 0.017,F5 III      ,  56794,  683735,   -6.10,       ,B,  18
174.66649,-13.20225,   36.96,  5.483, 0.004,F5        d ,  56802, 1391892,  -26.47,   1.26, ,   3
174.69139,-15.06992,   13.09,  8.049, 0.013,F7V         ,  56811, 1477647,   15.60,   0.20, ,   3
174.79286,+17.83829,    5.68,  8.010, 0.014,F5          ,  56840,  865940,  -11.80,   1.10, ,   2
174.89692,+19.00014,    7.84,  8.461, 0.160,F0III-IV    ,  56872,  865949,   -5.00,   0.30, ,   1
174.95542,+28.17805,    2.14,  9.101, 0.026,F5 V        ,  56895,  683768,  -13.00,       ,C,   5
175.06744,+25.78486,   12.07,  8.130, 0.017,F5          ,  56928,  683780,   -7.90,   0.30, ,   2
175.12190,+05.13994,    6.75,  7.503, 0.009,F5          ,  56951, 1042279,    1.60,   2.90, ,   2
175.32800,-01.77805,    9.12,  8.403, 0.014,F5          ,  57011, 1229832,   -0.90,   0.30, ,   2
175.34424,-26.66728,   19.72,  7.523, 0.009,F5/F6V      ,  57017, 1670699,  -35.38,   0.72, ,   2
175.36609,+00.95047,   10.92,  9.358, 0.014,F5          ,  57022, 1137840,    2.30,   0.90, ,   1
175.40923,+04.59055,   12.31,  8.006, 0.010,F0          ,  57034, 1137846,   -3.30,   2.00, ,   1
175.46630,+25.92660,    5.07,  8.390, 0.016,F8        d ,  57061,  683811,  -28.83,   2.63, ,   2
175.51088,-17.01662,   15.84,  7.607, 0.008,F5V         ,  57078, 1477764,   10.70,   0.70, ,   2
175.51648,+12.28522,   20.36,  7.075, 0.006,F6V         ,  57080,  952620,  -51.10,   0.30, ,   2
175.52188,+22.21119,   16.60,  6.640, 0.007,F2          ,  57082,  777467,  -23.00,   3.70, ,  12
175.60656,+02.36219,   12.92,  6.944, 0.008,F5          ,  57107, 1137874,   14.88,   2.63, ,   2
175.71220,+21.08048,    1.97,  8.913, 0.016,F5          ,  57134,  777482,  -11.60,   0.20, ,   4
175.71224,+21.08031,    2.70,  8.422,      ,F5          ,  57134,  777483,  -11.60,   0.20, ,   4
175.84526,+28.05516,    6.32,  7.691, 0.008,F3II        ,  57160,  683845,  -13.20,   2.80, ,  23
175.89866,-18.09734,    3.52,  8.573, 0.017,F3V         ,  57185, 1477842,   -5.70,   1.00, ,   2
175.94631,-21.03833,   11.53,  7.308, 0.008,F2V         ,  57199, 1575354,   20.00,   0.50, ,   2
176.01715,-04.80717,    8.30,  7.527, 0.008,F4        d ,  57232, 1229899,   11.86,   2.66, ,   2
176.15017,+25.53669,    6.19, 10.356, 0.026,F6          ,  57265,  683871,  198.06,   1.22, ,   5
176.20958,+28.42899,        , 11.342,      ,F0          ,       ,  683878,   -2.30,   1.00, ,   3
176.21011,+28.42706,   86.19, 11.301, 0.791,F0          ,       ,  683879,   -8.20,   1.50, ,   3
176.24318,+27.40747,   13.18,  8.274, 0.012,F5          ,  57300,  683882,   -8.43,   1.72, ,   2
176.36709,-21.47391,   11.70,  7.807, 0.012,F7        s ,  57345, 1575425,   13.07,   2.63, ,   2
176.58801,-05.34891,    5.31,  8.523, 0.014,F0          ,  57422, 1309612,  -10.00,   0.90, ,   6
176.61421,-24.97617,   18.61,  7.674, 0.008,F7V         ,  57433, 1575468,   52.20,   0.20, ,   4
176.67683,-19.46975,   18.45,  8.147, 0.014,F8V         ,  57460, 1477955,   -7.60,   0.20, ,   5
176.70433,-21.47493,   11.81,  8.152, 0.014,F8V         ,  57468, 1575481,    8.10,   0.40, ,   2
176.75398,+23.72045,   25.69,  6.953, 0.014,F7V         ,  57488,  777591,    4.13,   1.10, ,   1
176.83039,-29.49243,    9.06,  8.026, 0.012,F6V         ,  57514, 1670936,    5.50,   2.70, ,   3
176.86033,+13.38629,    5.51,  9.055, 0.014,F2          ,  57527,  952763,   -3.20,   3.20, ,   1
176.86832,+20.03369,   11.53,  7.392, 0.007,F5Iab:      ,  57529,  777606,   -7.20,   1.60, ,   2
176.86855,+20.03354,   11.53,  7.487, 0.068,F 5 I       ,  57529,  777607,   -7.30,   1.60, ,   1
177.09813,-10.31284,   23.37,  6.238, 0.007,F7 V        ,  57587, 1392208,   14.43,   0.36, ,   5
177.10436,+25.77773,    4.19, 11.140, 0.030,F5          ,  57590,  683948,    0.80,   2.70, ,   3
177.10551,+28.41705,   11.61,  7.224, 0.010,F2          ,  57591,  683949,   15.00,   2.20, ,  10
177.21389,+18.82310,   15.16,  7.992, 0.013,F8          ,  57617,  866211,  -43.50,   0.20, ,   3
177.25584,-00.31868,   28.97,  6.137, 0.008,F8          ,  57629, 1230055,    1.30,   2.62, ,  12
177.26965,-12.61504,    9.46,  8.451, 0.014,F2        s ,  57634, 1392242,   16.00,       ,D,   2
177.56605,-19.60512,    6.77,  8.141, 0.014,F3V         ,  57722, 1478094,   -0.60,   0.80, ,   4
177.57790,-07.37593,    9.88,  7.696, 0.009,F8          ,  57730, 1309730,   19.50,   4.00, ,   1
177.67203,+01.76538,   91.65,  3.590, 0.004,F8 V        ,  57757, 1138116,    4.11,   0.53, ,   5
177.68225,+28.09679,    7.94,  7.897, 0.009,F5          ,  57761,  683989,  -15.28,   1.69, ,   2
177.73704,+29.81307,    0.67, 10.142, 0.026,F1          ,  57784,  683994,   -6.80,   3.00, ,   4
177.83758,+25.33650,    5.81,  9.970, 0.021,F5          ,  57815,  684004,  -17.00,   4.70, ,   3
177.84183,-12.18792,   22.29,  6.343, 0.007,F1 III-IV   ,  57819, 1392319,    9.88,   0.76, ,   5
177.85355,+11.80515,   18.68,  7.056, 0.008,F6V         ,  57821,  952884,   34.80,   0.50, ,   1
177.85894,-23.84665,   12.25,  7.958, 0.012,F3/F5V      ,  57822, 1575679,    7.80,   2.00, ,   4
178.00447,+27.55160,  -44.70, 10.735, 0.476,F4          ,       ,  684021,   -8.40,       , ,   1
178.03830,+29.77970,    8.30, 10.032, 0.363,F2          ,       ,  684024,  -21.00,   6.40, ,   2
178.12912,+20.40992,   11.28,  7.270, 0.008,F7V         ,  57898,  777731,   -6.77,   6.46, ,   3
178.18902,+28.40862,    5.90,  8.711, 0.119,F5          ,       ,  684041,    9.00,   3.90, ,   4
178.28465,+21.00954,    0.95, 10.141, 0.025,F8          ,  57951,  777750,  -15.00,   1.20, ,   3
178.31436,+27.30761,    5.39,  9.650, 0.019,F5          ,  57958,  684052,  -11.40,   2.00, ,   4
178.33178,+20.31974,  -63.09,  9.993, 0.402,F5          ,       ,  777759,  -16.00,   3.80, ,   3
178.40555,-02.00992,    3.15,  9.604, 0.019,F0          ,  57983, 1230214,    0.20,   1.50, ,   2
178.46439,+14.02965,    9.69,  7.720, 0.010,F0        d ,  58006,  952942,    6.40,       ,B,   3
178.50884,+27.96350,   -9.39,  8.960, 0.115,F5          ,       ,  684072,  -19.50,   1.90, ,   4
178.53221,+18.16961,   11.48,  7.825, 0.009,F8          ,  58034,  866353,  -37.00,   0.20, ,   3
178.59488,+10.04907,    7.74,  7.949, 0.009,F5          ,  58049,  952957,   65.70,   1.00, ,   1
178.63959,+14.15143,    9.68,  7.818, 0.010,F5          ,  58069,  952965,  -11.00,   2.10, ,   2
178.70100,-23.55017,    5.98,  8.036, 0.010,F3/F5V      ,  58089, 1575842,   -6.00,   1.00, ,   3
178.75313,-00.55614,    6.38,  8.344, 0.014,F2        g ,  58105, 1230267,   -0.69,   9.49, ,   3
178.88305,+27.51284,  -23.20, 10.775, 0.804,F5          ,       ,  684111,   -5.80,   2.90, ,   3
178.94985,+22.68376,   21.10,  9.654, 0.314,F5          ,       ,  777824,   -8.00,   4.10, ,   5
179.00375,+21.98191,    9.57,  8.018, 0.046,F7        s ,  58187,  777831,   14.72,   2.62, ,   4
179.00448,+25.48955,   13.57,  8.639, 0.012,F6 V        ,  58189,  684129,  -27.00,   6.00, ,   6
179.00523,-01.44213,    8.40,  8.535, 0.014,F6        d ,  58191, 1230293,    1.80,       ,B,   3
179.08636,+26.67960,   18.30,  6.791, 0.009,F2          ,  58213,  684142,    6.09,   1.40, ,  13
179.15072,-21.41926,    7.53, 10.057, 0.023,F5/F6V      ,  58229, 1575929,  168.00,       , ,   1
179.18967,-10.72449,   16.58,  7.409, 0.008,F2          ,  58248, 1392502,    9.20,   0.30, ,   2
179.20297,+24.71424,    7.50,  9.903, 0.300,F5          ,       ,  777856,  -15.00,   3.90, ,   3
179.22926,+24.20265,    3.17, 10.339, 0.026,F5          ,  58262,  777858,    1.90,   3.30, ,   3
179.23193,-12.10786,   18.85,  7.126, 0.007,F5          ,  58263, 1392507,   -3.40,   0.30, ,   2
179.25161,-04.78279,   20.33,  6.724, 0.008,F5          ,  58268, 1230334,   14.70,   0.50, ,   3
179.30866,+25.82161,    3.79,  9.896, 0.308,F6          ,       ,  684161,   -2.70,   2.60, ,   3
179.32265,+24.59244,    0.00,  9.601, 0.272,F6          ,       ,  777866,  -22.00,  14.50, ,   2
179.32698,-22.53804,   13.49,  8.202, 0.012,F6V         ,  58298, 1575958,   -3.55,   0.74, ,   3
179.37897,-27.05579,   18.21,  7.004, 0.008,F3V         ,  58317, 1671355,  -11.20,   0.50, ,   2
179.39583,+28.55515,    4.42,  8.018, 0.010,F2          ,  58323,  684170,   -8.69,   1.10, ,   4
179.44253,-08.27509,   15.59,  7.996, 0.008,F8          ,  58333, 1309984,   30.50,   0.20, ,   4
179.51779,+25.13784,   12.14,  8.261, 0.010,F8          ,  58364,  684187,    7.00,   1.00, ,   2
179.54822,+26.91163,    8.10,  9.369, 0.296,F6          ,       ,  684191,  -17.50,   1.90, ,   4
179.62767,+27.25372,    1.10,  9.345, 0.244,F3          ,       ,  684204,   -4.80,   1.40, ,   4
179.85148,+19.55744,    3.00,  9.459, 0.018,F0          ,  58467,  866480,   -9.00,   4.00, ,   3
179.88568,+21.25386,    9.39, 10.389, 0.326,F5          ,       ,  777924,  -14.00,   5.10, ,   3
180.14708,+29.35916,        , 11.321,      ,F0          ,       ,  684259,  -30.00,   5.40, ,   4
180.21754,+25.38198,    4.34,  9.962, 0.029,F6          ,  58589,  684269,   -8.60,   2.20, ,   3
180.28878,+23.83474,  -12.39,  9.643, 0.273,F2          ,       ,  777961,    5.00,   5.80, ,   4
180.29206,+03.63237,   11.82,  7.782, 0.009,F5          ,  58610, 1138438,  -19.00,   0.40, ,   2
180.29741,+20.29887,    2.69,  9.626, 0.020,F6          ,  58612,  777964,   -4.90,   2.80, ,   4
180.34835,-21.53251,    9.10,  8.539, 0.018,F6        d ,  58629, 1576154,   61.00,       ,C,   3
180.36242,+19.18236,    4.28,  9.746, 0.019,F5          ,  58635,  866539,   10.00,   4.80, ,   2
180.43328,+29.54857,    5.52,  8.500, 0.014,F5V         ,  58658,  684291,  -11.50,       ,B,
180.43458,+22.09433,    6.38,  6.579, 0.007,F7        d ,  58661,  777978,   11.10,       ,B,  15
180.59407,+19.27388,    2.01,  9.073, 0.018,F2          ,  58701,  866556,  -17.80,   1.50, ,   3
180.62135,+21.74681,   11.78,  8.585, 0.014,F9          ,  58707,  778004,   -7.00,   5.50, ,   2
180.68828,-10.64927,    6.41,  8.510, 0.012,F2          ,  58726, 1392708,   -7.10,   0.50, ,   2
180.69449,+24.83615,   10.85,  8.042,      ,F8          ,  58731,  778014,  -21.30,   0.80, ,   2
180.69450,+24.83620,   11.68,  8.270, 0.014,F8          ,  58731,  778015,  -21.30,   0.80, ,   2
180.72246,+12.80743,    8.87,  7.463, 0.014,F0          ,  58743,  953201,   -7.80,   0.70, ,   1
180.74923,-10.75235,   17.34,  7.436, 0.008,F5          ,  58751, 1392713,  -12.70,   0.40, ,   2
180.86493,+24.65826,  -22.29, 10.729, 0.675,F3          ,       ,  778040,   -3.30,   1.20, ,   3
180.88246,-02.44694,    3.64,  8.063, 0.008,F0          ,  58791, 1230541,   -0.50,   1.70, ,   4
180.88255,-02.44658,    2.83,  8.455,      ,F0          ,  58791, 1230542,   -0.50,   1.70, ,   4
180.93554,+05.55795,   15.18,  6.394, 0.008,F3        d ,  58809, 1042959,   10.55,   2.80, ,   3
181.00940,+24.93885,   11.94,  8.271, 0.013,F8 V        ,  58833,  778054,    0.73,   4.44, ,   1
181.02128,+28.06061,    8.52,  8.580, 0.013,F3          ,  58838,  684356,  -14.20,   3.10, ,   5
181.05024,+24.11946,    5.65,  8.565, 0.013,F5          ,  58850,  778063,   -2.00,   4.50, ,   6
181.06814,+21.45859,    9.09,  7.441, 0.118,F0 IV-V     ,  58858,  778066,    8.20,       ,B,   6
181.06907,+21.45916,    9.09,  6.078, 0.007,F0 IV-V     ,  58858,  778067,    6.20,       ,B,   6
181.26956,+09.23963,    5.69,  8.142, 0.114,F2          ,       , 1043001,    4.80,   0.30, ,   2
181.35433,-26.59482,    3.44, 10.190, 0.041,F8 VI       ,  58962, 1671723,  121.60,   2.62, ,   4
181.35493,+17.28944,    9.91,  7.627, 0.008,F5          ,  58963,  866640,   18.90,   1.20, ,  12
181.36415,+10.96065,   14.10,  7.900, 0.008,F2          ,  58968,  953255,  -15.00,   1.60, ,   2
181.42182,+21.54691,    7.60,  9.136, 0.021,F5          ,  58990,  778112,  -14.00,   1.80, ,  10
181.50346,+23.20465,   11.15,  7.471, 0.032,F5          ,  59015,  778125,   -0.90,   2.89, ,   5
181.53297,+27.54871,   18.00,  9.635, 0.263,F9        d ,       ,  684402,   -2.80,       ,B,   3
181.55063,+27.49968,   13.30,  9.927, 0.026,F6          ,  59033,  684406,  -44.70,   0.70, ,   7
181.68123,-09.41003,    7.49,  8.639, 0.014,F7        d ,  59060, 1310261,   -4.81,   2.62, ,   2
181.69369,+25.93085,    7.39, 10.073, 0.021,F8 V        ,  59066,  684419,   -8.30,   1.80, ,   8
181.75587,-23.76635,   12.74,  6.932, 0.008,F7V         ,  59087, 1576427,    9.60,   0.40, ,   2
181.86732,+23.04230,    7.38,  7.627, 0.008,F0 V        ,  59125,  778176,    5.70,   1.70, ,   7
181.87878,+28.66780,    3.52, 10.139, 0.019,F6          ,  59129,  684434,   -4.00,   4.30, ,   3
181.94664,-08.48599,   10.07,  7.563, 0.009,F5          ,  59149, 1310308,  -46.10,  21.20, ,   2
182.00247,+00.62136,   15.21,  6.983, 0.008,F2          ,  59164, 1138674,  -12.40,   2.50, ,   1
182.00267,+25.37716,   10.56,  8.496, 0.017,F6 V        ,  59165,  684450,   -1.80,   1.40, ,   4
182.03246,-00.39821,    1.00,  9.222, 0.259,F4        d ,       , 1230682,  -19.40,       ,B,   4
182.10314,-24.72878,   67.04,  4.029, 0.004,F2        d ,  59199, 1576483,    3.32,   0.59, ,  20
182.14624,-00.45675,   -0.24, 10.535, 0.462,F2          ,  59208, 1230700,   -7.10,       , ,
182.17892,-18.43540,    8.66,  7.131, 0.009,F5IV/V      ,  59217, 1478875,  -12.10,   0.60, ,   2
182.23157,+18.30404,    2.93, 10.469, 0.028,F5          ,  59234,  866726,   17.00,   4.00, ,   2
182.30900,+14.82994,   14.33,  7.771, 0.010,F8          ,  59250,  953374,    7.00,   0.30, ,   2
182.36523,+28.20506,    2.43,  9.465, 0.018,F5          ,  59270,  684483,   -9.80,   1.00, ,   4
182.50576,+27.04701,    0.80,  9.506, 0.275,F8 V        ,       ,  684491,    3.70,   1.60, ,   4
182.52434,-17.53728,   13.43,  6.625, 0.006,F6V         ,  59313, 1478936,    6.90,   0.30, ,   3
182.52640,+24.26110,   11.67,  8.737, 0.014,F9 V        ,  59314,  778239,  -22.40,   2.10, ,  10
182.56973,+20.14752,    5.80,  9.663, 0.018,F5          ,  59333,  778241,   -3.00,   3.50, ,   4
182.73252,+00.39948,    4.68, 11.076, 0.041,F2          ,  59376, 1138772,   97.30,   3.30, ,   8
182.82827,+17.97912,    6.71, 10.675, 0.028,F5          ,  59418,  866797,  -15.30,   1.00, ,   2
182.84107,-03.77872,   19.96,  6.941, 0.008,F5          ,  59422, 1230779,   -5.00,   1.40, ,   2
182.95556,-19.92928,    9.63,  7.421, 0.010,F5V         ,  59465, 1479014,   -5.10,   0.70, ,   2
182.96860,+20.39676,  -48.59, 10.187, 0.437,F3 V:       ,       ,  778291,   -9.50,   1.30, ,   4
183.00405,+28.53646,   12.37,  6.456, 0.007,F5 V        ,  59489,  684532,  -13.39,   2.80, ,  19
183.00625,+13.26235,    9.08, 10.144, 0.025,F6 V-VI     ,  59490,  953475,   99.70,   2.76, ,   5
183.10376,+27.38012,   11.07,  8.071, 0.010,F5V         ,  59527,  684538,    0.66,   1.30, ,   1
183.12484,+03.40405,   15.59,  7.615, 0.010,F5          ,  59536, 1138817,    8.90,   0.30, ,   2
183.12579,+25.27550,  -27.60, 10.022, 0.354,F0          ,       ,  684542,  -36.00,   7.30, ,   3
183.20860,+17.35519,    0.75,  9.786, 0.025,F2          ,  59554,  866842,  -24.00,   4.20, ,   2
183.23667,-12.79050,    6.10,  8.293, 0.013,F0V         ,  59569, 1393036,   14.10,   0.90, ,   4
183.23880,+18.97463,    5.83,  9.587, 0.019,F3          ,  59571,  866847,  -21.30,   3.50, ,   3
183.43294,+22.88802,    4.69,  8.076, 0.094,F5 V        ,       ,  778347,    4.79,   3.26, ,   3
183.49676,+29.56100,        , 11.489,      ,F2          ,       ,  684571,    4.50,   1.10, ,   2
183.56461,-05.71688,   11.83,  6.554, 0.023,F3        d ,  59676, 1310521,    9.10,       ,B,   3
183.58507,+27.81869,    7.80, 10.038, 0.286,F8 V        ,       ,  684582,  -12.00,   5.30, ,   5
183.61204,+16.84178,   23.29,  9.475, 0.203,F5          ,       ,  866882,    2.00,   5.30, ,   4
183.72567,+19.79085,    5.80,  9.355, 0.224,F7          ,       ,  866891,  -11.00,   5.90, ,   4
183.78212,+27.44209,    2.20, 10.272, 0.026,F4          ,  59745,  684597,   -9.70,   1.80, ,   3
183.79391,-10.30994,   44.34,  6.106, 0.007,F5 V        ,  59750, 1393114,    7.07,   3.61, ,  56
183.80917,+22.24540,    2.89,  9.353, 0.017,F0          ,  59756,  778391,    8.00,   3.80, ,   5
183.94460,-23.35380,   14.99,  6.666, 0.006,F5-F6 V     ,  59801, 1576784,   19.88,   3.02, ,   2
183.97042,+27.54107,        , 11.356,      ,F5          ,       ,  684614,    0.00,   3.60, ,   4
184.01049,+28.04869,    4.74,  8.255, 0.014,F6 V        ,  59824,  684615,   -4.00,   3.80, ,   8
184.03491,+25.76040,   11.61,  8.079, 0.014,F5IV        ,  59833,  684616,    1.92,   1.81, ,   1
184.09532,+17.14544,    7.00, 10.108, 0.449,F6          ,       ,  866934,  -13.20,   1.00, ,   3
184.11812,+16.02853,    5.84,  9.785, 0.017,F4          ,  59855,  866937,   11.50,   1.00, ,   3
184.19316,+29.58666,    4.83, 10.095, 0.023,F2          ,  59877,  684635,  -17.00,   5.20, ,   4
184.32970,+28.72636,    7.81,  8.931, 0.013,F5 V        ,  59910,  684652,   -9.10,   2.10, ,   4
184.40103,+14.44292,   17.12,  8.159, 0.012,F8        d ,  59933,  953646,   -3.34,   2.64, ,   4
184.44861,+25.05441,    5.15,  8.684, 0.014,F7V         ,  59952,  684664,    3.58,   2.24, ,   3
184.46209,+15.01921,    9.95,  8.347, 0.012,F6        d ,  59958,  866988,    7.80,       ,B,   3
184.46214,+25.57137,   11.36,  7.846, 0.014,F2 V        ,  59957,  684665,    4.19,   1.80, ,  12
184.47269,-06.43099,   11.35,  7.805, 0.013,F8          ,  59961, 1310639,   26.30,   0.50, ,   2
184.50851,+28.65228,   10.30, 10.035, 0.402,F4          ,       ,  684669,    6.70,   1.90, ,   2
184.51730,+18.43506,    6.80,  7.593, 0.010,F6III       ,  59980,  866995,  -24.26,   1.40, ,   2
184.53841,-03.95419,   13.29,  6.890, 0.070,F5        d ,  59983, 1230975,   -1.34,   1.27, ,
184.53991,-03.94883,   16.20,  6.526, 0.075,F4        d ,  59984, 1230978,   -1.00,   3.70, ,   2
184.54607,+22.71504,    7.47,  8.694, 0.013,F8 V        ,  59986,  778453,   -7.20,   2.20, ,   4
184.64766,-14.40718,    8.20,  7.566, 0.010,F2/F3III/IV ,  60022, 1393229,   -5.80,   1.00, ,   4
184.65079,+23.12010,   14.60,  8.679, 0.017,F9        d ,  60025,  778470,   -1.10,   1.79, ,   3
184.67058,+26.19023,   16.16,  7.558, 0.008,F8 V        ,  60031,  684684,    1.39,   3.64, ,   1
184.67556,+21.51355,    6.42,  9.242, 0.017,F8 V        ,  60033,  778473,   33.00,   1.70, ,  18
184.70100,-29.96082,    7.76,  8.506, 0.014,F5V         ,  60043, 1672295,   40.20,   7.20, ,   2
184.74198,+15.12422,        , 12.805,      ,bhbf        ,       ,  867027,   18.00,       , ,   1
184.75617,+24.84619,   10.71,  8.795, 0.017,F7 V        ,  60063,  778485,    0.03,   1.73, ,   2
184.79855,+29.20034,    4.50, 10.114, 0.397,F6          ,       ,  684700,   10.00,  27.10, ,   3
184.83562,+21.14702,   37.09, 10.407, 0.538,F5          ,       ,  778493,  -12.00,   3.80, ,   3
184.84281,+17.72879,    9.50,  8.086, 0.014,F5          ,  60091,  867040,   -8.41,   2.09, ,   1
184.84833,+09.46467,    5.11,  9.011, 0.017,F5          ,  60092, 1043433,  -11.90,   2.40, ,   1
184.87359,+28.15722,   19.80,  6.375, 0.008,F8 Vs       ,  60098,  684709,   -9.78,   0.63, ,  22
184.96220,+14.38343,    4.19,  8.935, 0.014,F5          ,  60124,  953718,   -9.80,   2.50, ,   3
184.99864,-28.52546,    8.32,  7.813, 0.009,F6V         ,  60142, 1672343,   10.40,   0.30, ,   2
185.02556,+15.71495,   15.41,  8.035, 0.017,F8          ,  60152,  867069,  -27.10,   0.30, ,   2
185.06337,-00.14457,    7.13,  8.329, 0.014,F5          ,  60164, 1231048,   -8.60,   1.10, ,   2
185.07435,+26.00183,   16.49,  6.137, 0.008,F0 IV       ,  60168,  684728,    6.50,   2.80, ,  36
185.16386,-03.99501,   13.24,  7.935, 0.010,F5          ,  60194, 1231062,   14.00,   0.50, ,   3
185.17238,+27.05484,   11.39,  7.005, 0.012,F3 V        ,  60197,  684741,  -17.10,   2.20, ,   7
185.18991,+25.76588,   13.53,  9.017, 0.023,F8V         ,  60206,  684743,   -1.09,   2.28, ,   4
185.22457,-15.81519,   13.50,  8.065, 0.009,F7V         ,  60217, 1479339,    0.60,   0.40, ,   2
185.28532,-11.47569,   11.56,  8.582, 0.064,F0pSr       ,  60236, 1393329,  -15.50,       ,C,   2
185.38492,+24.51197,    9.19,  8.920, 0.017,F8 V        ,  60274,  778548,    5.00,   5.40, ,   6
185.41075,-27.27298,    9.22,  8.124, 0.010,F5V         ,  60281, 1672409,  -48.20,   0.90, ,   2
185.43801,+21.87272,    6.36,  7.418, 0.008,F8III       ,  60290,  778552,   -3.90,   2.48, ,   1
185.46647,-18.40007,    5.00,  8.544, 0.010,F3IV/V      ,  60299, 1479374,  -29.10,   0.40, ,  24
185.47336,+25.62010,  -19.50, 10.669, 0.578,F2          ,       ,  684777,  -16.70,   1.00, ,   3
185.48405,+27.30953,   10.71,  8.485, 0.014,F6V         ,  60304,  684780,   -0.58,   1.10, ,   1
185.49049,+25.68598,    0.50,  9.562, 0.206,F3V         ,       ,  684782,  -15.60,   3.40, ,   6
185.55024,+14.37085,   74.69, 10.120, 0.384,F6          ,       ,  953798,   -0.40,   2.80, ,   2
185.60318,+22.46417,   11.58,  8.525, 0.014,F8 V        ,  60347,  778569,   -0.19,   1.30, ,   3
185.62633,+25.84618,   11.84,  4.796, 0.006,F8:p*       ,  60351,  684793,    0.89,   2.28, ,  33
185.63084,+25.82853,    8.10,  8.870,      ,F7V         ,       ,  684794,   -4.00,   1.90, ,   6
185.63390,+05.30557,   33.43,  6.453, 0.010,F7        d ,  60353, 1043519,    4.31,   1.26, ,   4
185.67486,+25.80631,  -70.30, 10.076, 0.493,F5V         ,       ,  684801,  -13.90,       , ,   1
185.72882,-14.66287,   12.31,  7.465, 0.009,F3V         ,  60388, 1393390,   16.80,   0.30, ,   2
185.75042,+29.54502,   -0.16, 10.647, 0.025,F1          ,  60395,  684811,   14.00,   4.20, ,   6
185.78503,+25.85140,   11.66,  9.103, 0.018,F8V         ,  60406,  684815,    2.02,  16.50, ,   4
185.85399,-07.05264,    5.99,  9.387, 0.016,F2 V        ,  60428, 1310831,  -10.37,   2.63, ,   2
185.86490,-06.11893,   16.36,  7.176, 0.008,F8          ,  60436, 1310834,  -29.40,   0.20, ,   2
185.87821,+17.35571,    8.08,  9.024, 0.017,F6          ,  60441,  867171,  -10.70,   2.00, ,   3
185.89511,+23.42856,    4.31,  8.920, 0.018,F8 V        ,  60446,  778605,    3.60,   1.10, ,   5
185.92091,+26.97995,   12.41,  8.348, 0.016,F5 V        ,  60458,  684830,   -0.99,   1.60, ,   2
186.00948,-19.57174,   12.30,  7.434, 0.009,F5V         ,  60486, 1479454,    7.30,   1.30, ,   2
186.09023,-25.21112,   15.07,  8.048, 0.010,F5V         ,  60519, 1672525,   10.00,   0.60, ,   2
186.24722,+25.66963,  -21.29, 10.221, 0.504,F1          ,       ,  684860,  -18.90,   2.50, ,   3
186.25943,+25.56068,    9.36,  8.130, 0.017,F8          ,  60582,  684863,  -22.00,  10.60, ,  14
186.34377,+23.22911,    9.51,  8.551, 0.014,F7        d ,  60611,  778673,   -2.79,   8.16, ,   2
186.39573,+01.28511,   11.08,  9.657, 0.018,F5 VI       ,  60632, 1139233,  154.56,   0.87, ,   5
186.40079,-26.81132,   15.10,  7.685, 0.010,F5V         ,  60635, 1672577,    7.60,   0.30, ,   2
186.45768,-04.86188,   14.28,  8.183, 0.010,F6        d ,  60645, 1231226,  -13.01,   2.62, ,   2
186.46650,+26.77669,   11.34,  8.326, 0.013,F6 V        ,  60649,  684896,   -0.90,   1.17, ,   1
186.49870,-14.94772,   16.11,  7.142, 0.008,F6V         ,  60665, 1393490,   -8.20,   0.30, ,   2
186.53459,-04.48072,    6.52,  7.680, 0.008,F5          ,  60680, 1231240,   -5.00,   3.00, ,   2
186.56763,+24.17706,    1.39, 10.018, 0.344,F8          ,       ,  778691,   14.00,       , ,   2
186.57958,-07.33010,   12.72,  8.275, 0.012,F8          ,  60690, 1310909,   -6.80,   0.40, ,   2
186.60031,+27.26826,   11.95,  4.911, 0.004,F0p         ,  60697,  684909,   -4.30,   1.40, ,  27
186.71078,+23.24123,   24.10,  9.504, 0.256,F5        d ,       ,  778714,  -43.00,       ,C,   5
186.74932,+01.56702,   10.99, 10.462, 0.026,F8          ,  60747, 1139277,  158.00,       , ,   1
186.76083,-22.38971,   11.18,  7.890, 0.009,F7V         ,  60753, 1577248,   -0.20,   0.30, ,   2
186.76852,+23.96384,  -30.70,  9.805, 0.349,F4          ,       ,  778720,  -16.10,   1.10, ,   3
186.86353,+24.65552,    4.81,  8.280, 0.012,F8 V        ,  60776,  778729,  -17.00,   2.90, ,   8
186.96500,-04.61528,   10.97,  6.209, 0.006,F0 IVn      ,  60813, 1231297,   -5.40,   1.70, ,  19
187.18912,+19.95189,    7.76,  7.671, 0.009,F4          ,  60893,  867325,    3.05,   4.18, ,   1
187.23551,+27.83919,        , 11.237,      ,F1          ,       ,  684986,  -13.80,   1.70, ,   2
187.23626,+28.88618,    4.28,  8.577, 0.016,F6IV-V      ,  60908,  684987,  -20.52,   7.82, ,   1
187.25434,+27.89498,  -37.00, 11.034, 0.847,F2          ,       ,  684989,  -19.20,   3.40, ,   2
187.26602,+05.96066,    5.74,  8.054, 0.009,F2          ,  60915, 1043731,   16.80,   6.00, ,   2
187.32155,+26.27440,  159.60, 10.746, 0.661,F4          ,       ,  684997,  -13.00,   3.30, ,   4
187.34571,+15.11188,  -72.30, 10.257, 0.411,F6          ,       ,  867343,   -2.50,   1.30, ,   3
187.36272,+24.10892,   15.17,  5.469, 0.004,F5III       ,  60941,  778769,  -42.50,   2.24, ,
187.36768,+04.83814,   16.90,  7.121, 0.008,F2          ,  60942, 1139340,    1.80,   1.90, ,   1
187.41972,+24.94165,  -38.40, 10.038, 0.209,F8          ,       ,  778773,   36.40,       , ,   1
187.47296,+17.91000,   -4.40,  8.916, 0.207,F5 V        ,       ,  867355,   11.20,   1.70, ,   5
187.48155,+24.33860,   14.37,  7.865, 0.010,F7 V        ,  60976,  778778,   -0.63,   1.04, ,   2
187.54687,+05.87702,    8.48,  8.138, 0.013,F8          ,  61004, 1043760,  -37.50,   0.30, ,   2
187.64030,+09.71571,   11.85,  8.315,      ,F5        d ,  61035, 1043771,  -12.00,   1.28, ,   2
187.64064,+09.71588,   11.65,  7.652, 0.012,F5        d ,  61035, 1043772,  -12.00,   1.28, ,   2
187.64493,+03.50995,    1.31,  9.719, 0.232,F5        d ,  61037, 1139371,    1.00,       ,C,   3
187.76294,+27.73036,   12.47,  8.532, 0.016,F6V         ,  61074,  685039,   -2.02,   0.95, ,   3
187.76382,+23.77301,   15.68,  7.121, 0.008,F8V         ,  61075,  778808,  -46.99,   3.75, ,   4
187.84329,+05.05285,    9.24,  7.746, 0.012,F2          ,  61104, 1043801,  -48.70,   0.90, ,   1
187.84583,+16.22079,  -45.70, 10.234, 0.467,F2          ,       ,  867385,  -38.00,       , ,   1
187.88742,+24.62036,  -12.30,  9.497, 0.275,F6V         ,       ,  778816,   -3.10,   1.00, ,   5
187.88757,+24.61574,   10.69, 10.406, 0.681,F6 V        ,       ,  778817,   -3.90,       , ,   1
187.89069,+21.57686,   12.44,  7.903, 0.014,F3          ,  61120,  778818,    2.40,   1.50, ,   6
187.90099,-11.07644,   -5.98,  8.379, 0.148,F1        d ,  61125, 1393657,   -1.00,       ,C,   4
187.90250,+28.43966,   35.40,  9.423, 0.263,F8          ,       ,  685050,    5.60,       , ,   1
187.95464,-15.71550,    7.64,  7.513, 0.010,F0III/IV    ,  61145, 1479747,   -0.80,   0.70, ,   6
187.96067,+29.31417,   11.73,  7.539, 0.009,F0V         ,  61147,  685061,   -0.60,   1.90, ,  20
187.96665,+23.26923,   12.22,  7.618, 0.010,F3 V        ,  61151,  778828,  -19.60,   2.80, ,   8
188.01181,+17.66342,    5.03,  8.965, 0.016,F5          ,  61168,  867402,  -26.00,   4.70, ,   3
188.01552,+14.33562,    1.35, 10.547, 0.032,F5          ,  61170,  954100,  -12.40,   2.80, ,   3
188.01869,-16.19587,   54.82,  4.303, 0.004,F2V         ,  61174, 1479760,   -2.78,   3.91, ,   2
188.08576,+26.78066,    5.40,  9.028, 0.159,F3V         ,       ,  685078,   22.20,   1.50, ,   6
188.18698,+23.41902,    7.59,  7.472, 0.064,F0          ,       ,  778850,   -3.30,   3.00, ,   9
188.18770,+23.00993,    2.61,  9.670, 0.017,F8          ,  61223,  778851,    0.30,       , ,   1
188.19015,+27.02932,   -1.23, 11.850, 0.490,F4          ,  61225,  685083,  -55.00,       , ,
188.20671,+27.14749,  -18.89, 10.103, 0.400,F1          ,       ,  685085,    0.00,  11.10, ,   3
188.23828,+21.69974,    3.63,  9.026, 0.019,F2V         ,  61239,  778855,   -7.00,   5.80, ,   4
188.31982,+27.23982,   22.00,  9.724, 0.250,F4 V        ,       ,  685101,   -8.80,   1.80, ,   5
188.33886,+21.83541,   -0.30,  9.697, 0.280,F8          ,       ,  778864,    0.50,       , ,   1
188.34278,-19.79249,    7.31,  6.259, 0.006,F0IV/V      ,  61270, 1479817,    5.00,   1.30, ,   3
188.40288,+20.10310,    6.71,  9.385, 0.020,F5          ,  61301,  778871,  -11.20,   2.30, ,   3
188.40403,+28.08148,    6.11,  8.591, 0.017,F3V         ,  61302,  685110,   -3.90,   3.60, ,  11
188.40483,+15.10199,    6.11,  9.853, 0.023,F5          ,  61306,  867448,   16.60,   1.20, ,   3
188.46810,+26.86096,    0.10,  9.698, 0.317,F3 V        ,       ,  685116,  -18.00,   3.40, ,   5
188.48067,-06.77785,   13.95,  8.057, 0.009,F8          ,  61326, 1311179,    5.90,   0.40, ,   2
188.58843,+26.28918,   10.18,  8.319, 0.019,F3 V        ,  61355,  685128,   -4.80,   2.30, ,   8
188.69898,+26.82908,    7.19, 10.142, 0.356,F6          ,       ,  685142,  -10.00,   5.50, ,   4
188.71655,+10.83636,    7.55,  7.894, 0.013,F0          ,  61397,  954173,   12.00,   2.30, ,   1
188.78285,+07.44294,   15.72,  7.873, 0.009,F8          ,  61419, 1043923,    7.60,   0.20, ,   4
188.81675,+02.26086,   10.06,  7.036, 0.008,F5          ,  61428, 1139493,   -8.00,   1.90, ,   2
188.86649,+28.83762,   10.95,  8.074, 0.014,F8IV        ,  61442,  685157,   24.29,   2.90, ,   2
188.92839,-16.82614,   13.21,  6.694, 0.007,F3IV        ,  61463, 1479909,    1.10,   1.30, ,   5
188.94396,+16.82992,    6.85,  9.093, 0.017,F6          ,  61470,  867502,  -14.00,   7.10, ,   3
188.96986,-12.06919,    8.02,  6.604, 0.008,F0          ,  61486, 1393820,  -11.30,   0.50, ,   1
188.99489,-20.52735,   13.17,  6.194, 0.012,F0n       d ,  61496, 1577569,   -2.00,   3.70, ,   5
189.00203,+12.68495,  -53.90, 10.023, 0.393,F6          ,       ,  954209,   -8.00,   4.10, ,   2
189.07300,+13.02525,    1.42, 10.255, 0.025,F5          ,  61525,  954219,   30.00,   4.10, ,   2
189.16497,+27.47494,    5.28, 10.819, 0.028,F2          ,  61545,  685196, -130.47,   3.13, ,  38
189.17756,+23.63316,    4.62,  8.900, 0.014,F6V         ,  61550,  778938,  -12.30,   2.90, ,   5
189.20304,+20.23778,   11.52,  7.632,      ,F6          ,  61560,  778940,   -4.74,   2.02, ,   2
189.20306,+20.23773,   11.47,  7.541, 0.012,F6          ,  61560,  778941,   -4.74,   2.02, ,   2
189.27807,-02.32175,   21.79,  6.952, 0.006,F5          ,  61578, 1231563,  -26.50,   0.30, ,   2
189.29505,+21.19798,    4.21,  7.701, 0.013,F3V         ,  61584,  778946,   -1.30,   1.30, ,   7
189.29525,+21.19803,    5.26,  9.060,      ,F3V         ,  61584, 2601746,   -1.30,   1.30, ,   7
189.41972,-19.57782,    3.41,  8.760, 0.166,F2V+K       ,  61620, 1479972,   19.00,       ,C,
189.42594,-27.13866,   28.72,  5.406, 0.013,F2        d ,  61621, 1673035,   -0.46,   1.44, ,   2
189.49176,+26.45884,   70.30, 10.395, 0.358,F8          ,       ,  685229,   -5.80,       , ,   1
189.63303,+23.83543,    5.19,  9.886, 0.028,F8          ,  61671,  778973,    5.50,       , ,   1
189.63454,+00.21734,   12.97,  8.448, 0.012,F5          ,  61672, 1139594,   -5.30,   2.60, ,   1
189.65725,+25.08326,   37.09, 10.755, 0.693,F8          ,       ,  685243,    4.30,       , ,   1
189.72036,+24.39881,    6.99,  8.757, 0.014,F5 V        ,  61705,  778984,   -9.10,   1.70, ,   5
189.75810,+17.43720,    1.55,  9.424, 0.020,F0          ,  61718,  867589,   11.30,   1.00, ,   3
189.78610,+28.23587,  -11.60, 10.631, 0.606,F8          ,       ,  685258,   -1.00,   7.10, ,   3
189.78863,+16.47976,   11.10,  7.578, 0.010,F3 V        ,  61727,  867594,   -8.88,  10.43, ,  24